"Időbélyeg","Mi a neved?","1. címe","1. szerzője","2. címe","2. szerzője","3. címe","3. szerzője","4. címe","4. szerzője","5. címe","5. szerzője","6. címe","6. szerzője","7. címe","7. szerzője","8. címe","8. szerzője","9. címe","9. szerzője","10. címe","10. szerzője","11. címe","11. szerzője","12. címe","12. szerzője","13. címe","13. szerzője"," [1. szám]"," [2. szám]"," [3. szám]"," [4. szám]"," [5. szám]"," [6. szám]"," [7. szám]"," [8. szám]"," [9. szám]"," [10. szám]"," [11. szám]"," [12. szám]"," [13. szám]","1. címe","1. szerzője","2. címe","2. szerzője","3. címe","3. szerzője","4. címe","4. szerzője","5. címe","5. szerzője","6. címe","6. szerzője","7. címe","7. szerzője","8. címe","8. szerzője","9. címe","9. szerzője","10. címe","10. szerzője","11. címe","11. szerzője","12. címe","12. szerzője","13. címe","13. szerzője"," [1. szám]"," [2. szám]"," [3. szám]"," [4. szám]"," [5. szám]"," [6. szám]"," [7. szám]"," [8. szám]"," [9. szám]"," [10. szám]"," [11. szám]"," [12. szám]"," [13. szám]","1. címe","1. szerzője","2. címe","2. szerzője","3. címe","3. szerzője","4. címe","4. szerzője","5. címe","5. szerzője","6. címe","6. szerzője","7. címe","7. szerzője","8. címe","8. szerzője","9. címe","9. szerzője","10. címe","10. szerzője","11. címe","11. szerzője","12. címe","12. szerzője","13. címe","13. szerzője"," [1. szám]"," [2. szám]"," [3. szám]"," [4. szám]"," [5. szám]"," [6. szám]"," [7. szám]"," [8. szám]"," [9. szám]"," [10. szám]"," [11. szám]"," [12. szám]"," [13. szám]","1. címe","1. szerzője","2. címe","2. szerzője","3. címe","3. szerzője","4. címe","4. szerzője","5. címe","5. szerzője","6. címe","6. szerzője","7. címe","7. szerzője","8. címe","8. szerzője","9. címe","9. szerzője","10. címe","10. szerzője","11. címe","11. szerzője","12. címe","12. szerzője","13. címe","13. szerzője"," [1. szám]"," [2. szám]"," [3. szám]"," [4. szám]"," [5. szám]"," [6. szám]"," [7. szám]"," [8. szám]"," [9. szám]"," [10. szám]"," [11. szám]"," [12. szám]"," [13. szám]","1. címe","1. szerzője","2. címe","2. szerzője","3. címe","3. szerzője","4. címe","4. szerzője","5. címe","5. szerzője","6. címe","6. szerzője","7. címe","7. szerzője","8. címe","8. szerzője","9. címe","9. szerzője","10. címe","10. szerzője","11. címe","11. szerzője","12. címe","12. szerzője","13. címe","13. szerzője"," [1. szám]"," [2. szám]"," [3. szám]"," [4. szám]"," [5. szám]"," [6. szám]"," [7. szám]"," [8. szám]"," [9. szám]"," [10. szám]"," [11. szám]"," [12. szám]"," [13. szám]","1. címe","1. szerzője","2. címe","2. szerzője","3. címe","3. szerzője","4. címe","4. szerzője","5. címe","5. szerzője","6. címe","6. szerzője","7. címe","7. szerzője","8. címe","8. szerzője","9. címe","9. szerzője","10. címe","10. szerzője","11. címe","11. szerzője","12. címe","12. szerzője","13. címe","13. szerzője"," [1. szám]"," [2. szám]"," [3. szám]"," [4. szám]"," [5. szám]"," [6. szám]"," [7. szám]"," [8. szám]"," [9. szám]"," [10. szám]"," [11. szám]"," [12. szám]"," [13. szám]","1. címe","1. szerzője","2. címe","2. szerzője","3. címe","3. szerzője","4. címe","4. szerzője","5. címe","5. szerzője","6. címe","6. szerzője","7. címe","7. szerzője","8. címe","8. szerzője","9. címe","9. szerzője","10. címe","10. szerzője","11. címe","11. szerzője","12. címe","12. szerzője","13. címe","13. szerzője"," [1. szám]"," [2. szám]"," [3. szám]"," [4. szám]"," [5. szám]"," [6. szám]"," [7. szám]"," [8. szám]"," [9. szám]"," [10. szám]"," [11. szám]"," [12. szám]"," [13. szám]","1. címe","1. szerzője","2. címe","2. szerzője","3. címe","3. szerzője","4. címe","4. szerzője","5. címe","5. szerzője","6. címe","6. szerzője","7. címe","7. szerzője","8. címe","8. szerzője","9. címe","9. szerzője","10. címe","10. szerzője","11. címe","11. szerzője","12. címe","12. szerzője","13. címe","13. szerzője"," [1. szám]"," [2. szám]"," [3. szám]"," [4. szám]"," [5. szám]"," [6. szám]"," [7. szám]"," [8. szám]"," [9. szám]"," [10. szám]"," [11. szám]"," [12. szám]"," [13. szám]","1. címe","1. szerzője","2. címe","2. szerzője","3. címe","3. szerzője","4. címe","4. szerzője","5. címe","5. szerzője","6. címe","6. szerzője","7. címe","7. szerzője","8. címe","8. szerzője","9. címe","9. szerzője","10. címe","10. szerzője","11. címe","11. szerzője","12. címe","12. szerzője","13. címe","13. szerzője"," [1. szám]"," [2. szám]"," [3. szám]"," [4. szám]"," [5. szám]"," [6. szám]"," [7. szám]"," [8. szám]"," [9. szám]"," [10. szám]"," [11. szám]"," [12. szám]"," [13. szám]","1. címe","1. szerzője","2. címe","2. szerzője","3. címe","3. szerzője","4. címe","4. szerzője","5. címe","5. szerzője","6. címe","6. szerzője","7. címe","7. szerzője","8. címe","8. szerzője","9. címe","9. szerzője","10. címe","10. szerzője","11. címe","11. szerzője","12. címe","12. szerzője","13. címe","13. szerzője"," [1. szám]"," [2. szám]"," [3. szám]"," [4. szám]"," [5. szám]"," [6. szám]"," [7. szám]"," [8. szám]"," [9. szám]"," [10. szám]"," [11. szám]"," [12. szám]"," [13. szám]","1. címe","1. szerzője","2. címe","2. szerzője","3. címe","3. szerzője","4. címe","4. szerzője","5. címe","5. szerzője","6. címe","6. szerzője","7. címe","7. szerzője","8. címe","8. szerzője","9. címe","9. szerzője","10. címe","10. szerzője","11. címe","11. szerzője","12. címe","12. szerzője","13. címe","13. szerzője"," [1. szám]"," [2. szám]"," [3. szám]"," [4. szám]"," [5. szám]"," [6. szám]"," [7. szám]"," [8. szám]"," [9. szám]"," [10. szám]"," [11. szám]"," [12. szám]"," [13. szám]","1. címe","1. szerzője","2. címe","2. szerzője","3. címe","3. szerzője","4. címe","4. szerzője","5. címe","5. szerzője","6. címe","6. szerzője","7. címe","7. szerzője","8. címe","8. szerzője","9. címe","9. szerzője","10. címe","10. szerzője","11. címe","11. szerzője","12. címe","12. szerzője","13. címe","13. szerzője"," [1. szám]"," [2. szám]"," [3. szám]"," [4. szám]"," [5. szám]"," [6. szám]"," [7. szám]"," [8. szám]"," [9. szám]"," [10. szám]"," [11. szám]"," [12. szám]"," [13. szám]","1. záró kérdés","2. záró kérdés","3. záró kérdés"
"1","Jana","","Carlos Santana + x","Ketchup Song","Las Ketchup","","","","","Mamboleio","Luis Miguel","Mi corazzon :D","Eros Ramazzotti","","Enrique Iglesias","Ale ale ale (World Cup song - 1998)","Ricky Martin","Jöjj vissza az édes álomból (?)","V-Tech","X","Desperado","","","","","x","x","Maradhat","Maradhat","Maradhat","Nyeh","Maradhat","Maradhat","Maradhat","Maradhat","Ugorgyunk","","","","","Mambo Number 5","King Africa","x","Kaoma","","","","","Waka Waka (World Cup song 2010)","Shakira","X","X","X","X","X","Los Lobos","La Bamba","X","Ney Na Na Na","X","X","X","","","","","Maradhat","Maradhat","Maradhat","Nyeh","Nyeh","Maradhat","Nyeh","Maradhat","Nyeh","","","","","x","x","x","x","x","x","x","x","x","x","x","x","x","x","King Bongo Bong","Manu Chao","x","Kozsó? :D","","","","","","","","","Nyeh","Nyeh","Nyeh","Nyeh","Nyeh","Nyeh","Nyeh","Vájbolom!","Nyeh","","","","","x","x","","","x","x","x","Lagzi Lajcsi","x","x","x","x","x","Mario","x","Nótár Mary","x","Bódi Guszti","","","","","","","x","x","Ugorgyunk","Ugorgyunk","Ugorgyunk","Már fáj!","Már fáj!","Már fáj!","Már fáj!","Már fáj!","Nyeh","","","","","x","Umm Kulthum","Temptation","Samira Said","Mundian To Bach Ke","Punjabi MC","Boro Boro","Arash","Hey nanana Hey nanana Hey","Fairuz","Tanak Tun","Cheb Khaled","Mr. Toot","Ylvis","","","","","","","","","x","Er Turan","x","x","Nyeh","Maradhat","Vájbolom!","Vájbolom!","Vájbolom!","Maradhat","Vájbolom!","Maradhat","Ugorgyunk","","","","","x","x","x","x","Ameno","Enigma","x","Enya","x","Cusco","","","","","x","x","Táncolj!","Nox","","","","","x","x","x","x","Ugorgyunk","Nyeh","Maradhat","Maradhat","Nyeh","Nyeh","Maradhat","Nyeh","Nyeh","","","","","Someone we used to know","Gotye","x","White Town","x","x","Lift Me Up","Moby","x","Fatboy Slim","","","","","x","x","Young ones","x","Szüljél sok-sok gyermeket!","Anima Sound System","Dél Amerika","Heaven Street Seven","","","","","Maradhat","Maradhat","Maradhat","Maradhat","Maradhat","Nyeh","Maradhat","Maradhat","Vájbolom!","","","","","","","","","","","","","x","Yello","Hófehér Jaguár","United","Fly away","Verve","x","Phil Collins","x","x","x","Paro Banton","x","The Police","x","RHCP","Szerelemről szó sem volt","Zanzibár","Nyeh","Maradhat","Maradhat","Nyeh","Nyeh","Nyeh","Nyeh","Vájbolom!","Vájbolom!","","","","","x","Susanne Vega","x","Jazzanova","x","Zagar","","","Vive le coup de swing","Gramatik","x","Tape Five","x","Middle Milk","x","Caravan Palace","","","","","x","x","","","x","Diablo Swing Orchestra","Maradhat","Nyeh","Maradhat","Maradhat","Maradhat","Maradhat","Nyeh","Maradhat","Nyeh","","","","","Phantom of the Operahouse","Epica","","","Bring Me to Life","Evanescence","Vodka","Korpiklaani","x","Faun","","","Papercut","Linkin Park","Last Resort","Papa Roach","","","x","Celldweller","Tentousand Fists in the Air","Disturbed","","","x","x","Maradhat","Vájbolom!","Maradhat","Maradhat","Vájbolom!","Vájbolom!","Maradhat","Vájbolom!","Nyeh","","","","","x","x","x","Gangsta Rap","Dallas ?","Galla Miklós","Ne szívjál füvet","Rózsaszín Pitbull","Barbie","Méhek","Gyaloglás vége","Belga","Szájbergyerek","Kistehén","","","","","","","x The Real Slim Shady","Megasound System X Eminem"," x RADIO"," x RAMMSTEIN","","","Nyeh","Maradhat","Nyeh","Nyeh","Nyeh","Maradhat","Maradhat","Maradhat","Maradhat","","","","","Online Friends","Knife Party","Dead to Rock and Roll","Skrillex","","","","","","","x","Yung Bae","x","x","","","x","x","x","x","Kung Fury (főcím)","David Hasselhoff","The Touch","The Weeknd","x","Sophie","Maradhat","Vájbolom!","Maradhat","Ugorgyunk","Nyeh","Ugorgyunk","Nyeh","Nyeh","Nyeh","","","","","","",""
"1","Kata és Ádám","Diéta dancing 2 soundtrack","","Las ketchum","","","","","","Mambo","","","Eros ramasotti","","","","Ricky martin","Mi amor","","","","","","","","","Del husa dzsoni","Nyeh","Vájbolom!","Nyeh","Maradhat","Maradhat","","Nyeh","Már fáj!","Vájbolom!","","","","","Mambo no 5","","Sexy","","","","","","Waka waka","Shakira","Bahama mama","","","","Bácsi bácsi tango","Törptáncos","","","Hey nananana","","","","","","","","Vájbolom!","Maradhat","Vájbolom!","Vájbolom!","Nyeh","Maradhat","Vájbolom!","Vájbolom!","Vájbolom!","","","","","","","","","","","","","","","","Bob Marley","","","","","Raszta szív","","","","","","","","","","Maradhat","Nyeh","Nyeh","Nyeh","Nyeh","Maradhat","Nyeh","Maradhat","Nyeh","","","","","Nem csak a 20 éveseké a világ","Araczki László","","","","","Én a pénzem nem sajnálom","","","","Öreg cigány","","","","","Bódi Guszti","Black vár white cat","","","","","","","","","Rotfront","Maradhat","Már fáj!","Maradhat","Már fáj!","Már fáj!","Már fáj!","Már fáj!","Vájbolom!","Nyeh","","","","","Cuppcupp","Tarkan","","","","","Bora bora","","Heya heya hey","","Truck turuck","","","","","","","","","","","","","","","","Vájbolom!","Maradhat","Vájbolom!","Maradhat","Maradhat","Maradhat","Vájbolom!","Nyeh","Nyeh","","","","","","","","","","","","","","","","","","","","","Tuztanc","Nox","","","","","","","","","Nyeh","Ugorgyunk","Vájbolom!","Vájbolom!","Maradhat","Maradhat","Maradhat","Nyeh","Ugorgyunk","","","","","Someone I used to know","Gotye","","","","Fat boy slim","","","","Fat boy slim","","","","","","","","","","","","","","","","","Vájbolom!","Vájbolom!","Vájbolom!","Vájbolom!","Vájbolom!","Vájbolom!","Vájbolom!","Vájbolom!","Vájbolom!","","","","","","","","","","","","","","","Hófehér jaguar","Peli barna","Fly away","","","","","","","","","Red hot chili pepper","","Zanzibar","Szerelem","Zanzibar","","","","","","","","","","","","","","","","","","","","","","","","","","","","","","","","","","","","","","","","","","","","","","","","","","","","","Mentve of the opera","","","","Wales meg up","Evenesance","Vodka","","","","","","Papercut","Linkin park","","Limbizkit","","","","","","","","","","","Vájbolom!","Vájbolom!","Vájbolom!","Vájbolom!","Vájbolom!","Maradhat","Nyeh","Nyeh","Nyeh","","","","","","","","","","","","","Barbie","Méhek ","","","Cybergyerek","Kistehen","","","","","","","Slim shady-lone digger","Eminem-caravan palace","","","","","","","","","","","","Vájbolom!","","","","","","You arra going to die","Knife party","","Skrillex","","","","","","","","","","","","","","","","","","","","","","","","","","","","","","","","","","","","","",""
"1","Tücsök","","","The Ketchup Song","Las Ketchup","","","","","Bamboleo","","","","","Enrique Iglesias","","","","","Táncolj","Desperado","","","","","","","","Vájbolom!","","","","","","","","","","","","Mambo number 5","","","","","","","","Waka waka - This time for Africa","Shakira","","","","","","","La Bamba","Talatala te bamba","Neh nah nah nah","","Mackótestvér","","","","","","","","Vájbolom!","","","","","","","","","","","Bam bam bi bam","","","","","","Gimme Gimme - Sunshine","","","","","","Wish I Sing This Song","","King Of Bongo","","Kell egy ház","","","","","","","","","","","","","","","","","","","","","","","Nem csak a húszéveseké a világ","","","","","","Hogyha nekem sok pénzem lesz","Lagzi Lajcsi","","","Bocsássa meg nekem a világ","","Menj tovább","","Aranyeső","","Macskajaj","","","","","","","","Sárgarigó","","","","","","","","","","","","","","","","","Temptation","Arash","","","Boro boro","Arash","","","","","","","","","","","","","","","","","","","","Vájbolom!","","Maradhat","","","","","","","","","","","","Touch Me Now","","Ameno","Era","Mackótestvér","","","","","","","","","","Eleven tűz","Nox","","","","","","","","","","","Vájbolom!","","","","Vájbolom!","","","","","","","Somebody I Used To Know","Gotye","","","","","Let Me Off","","Right Here Right Now","","","","","","Modern Twist","","","","Csinálj sok sok gyermeket","Anima Sound System","Dél Amerika","","","","","","Már fáj!","","","Vájbolom!","","","","Vájbolom!","","","","","","","","","","","","","","","","Hófehér Jaguár","","","","","","","","Who Let The Dogs Out","","She's Got The Look","","","","Szerelemről szó sem volt","Zanzibár","","","","","","","","","Vájbolom!","","","","","","","","","Hand in hand","","","","Swing","","","","","","","","","","","","","","","","","","Vájbolom!","","","","","","","","","","","","","Phantom Of The Opera","Nightwish","","","Bring Me To Life","Evanescence","Jäger","","","","","","","Linkin Park","","Papa Roach","","","","","","","","","","","Vájbolom!","Vájbolom!","","","","","","","","","","","","","","","","","Hofi Géza","Ne szívjál füvet","","Barbi","","Kocsiba be","Belga","Cybergyerek","Kistehén","","","","","","","","","Play that funky music","","","","","","","","","","","","","","","","","Internet Friends","Knife Party","","Skrillex","","","","","","","","","","","","","","","","","","","","","","","Vájbolom!","Vájbolom!","","","","","","Maradhat","","","","","","","",""
"1","Borka és Zsola","","","","","","","","","Mambo lee ooo","","Dentro di me ?","Eros Ramazotti","","","Alle alle alle - Un; dos; tres","","Ami a miénk volt  - mond újra; hogy mi amo ","","","","","","","","","","Vájbolom!","Vájbolom!","Vájbolom!","Vájbolom!","Vájbolom!","Vájbolom!","Vájbolom!","Vájbolom!","Maradhat","","","","","Monica; Maria; Rita; Jessica","Mambo","","","","","","","Zambinambina","Shakira","","","","","","","Szólj kaptiány :D ","","Ey nananana","","","","","","","","Vájbolom!","Ugorgyunk","Vájbolom!","Nyeh","Vájbolom!","Vájbolom!","Nyeh","Vájbolom!","Ugorgyunk","","","","","","","","","","","","","","","","","","","","","Rasztaszív","","","","","","","","","","Ugorgyunk","Ugorgyunk","Nyeh","Ugorgyunk","Nyeh","Ugorgyunk","Már fáj!","Ugorgyunk","Nyeh","","","","","","","","","","","","","","","","","","","aranyeső","","Szilvafácska","","","","","","","","","Parno graszt","Maradhat","Ugorgyunk","Maradhat","Nyeh","Vájbolom!","Nyeh","Nyeh","","Maradhat","","","","","","","","","","","Borabora","","","","","","","","","","","","","","","","","","","","Maradhat","Nyeh","Maradhat","Nyeh","Ugorgyunk","Már fáj!","Ugorgyunk","Ugorgyunk","Ugorgyunk","","","","","","","","Era","","Vangelis","","","","","","","","","","","","NOX","","","","","","Kaláka","","","Vájbolom!","Maradhat","Vájbolom!","Maradhat","Nyeh","Nyeh","Nyeh","Maradhat","Nyeh","","","","","Somebody that I used to know","Gotye","","","","","","","","","","","","","","","","","","","Délamerika","HS7","","","","","Vájbolom!","Maradhat","Nyeh","Maradhat","Nyeh","Maradhat","Vájbolom!","Maradhat","Vájbolom!","","","","","","","","","","","","","","","Hófehér jaguár","","","","","","","","","","","","Scar tissue","Red Hot Chili Peppers","Szerelemről szó sem volt","Zanzibár","Maradhat","Nyeh","Nyeh","Ugorgyunk","Nyeh","Maradhat","Maradhat","Vájbolom!","Vájbolom!","","","","","","","","","","","","","","","","","","","","","","","","","","","","","","","Maradhat","Maradhat","Vájbolom!","Vájbolom!","Maradhat","Maradhat","Maradhat","Maradhat","Maradhat","","","","","","","","","","","","","","","","","","","","","","","","skrilex","","","","","","","Vájbolom!","Vájbolom!","Vájbolom!","Maradhat","Ugorgyunk","Nyeh","Vájbolom!","Nyeh","Nyeh","","","","","","","","","","","","","barbi-dal","méhek","","belga","szájber gyerek","kistehén","","","","","","","","","","ramstein ???","","","Nyeh","Nyeh","Már fáj!","Már fáj!","Vájbolom!","Vájbolom!","Vájbolom!","Maradhat","Nyeh","","","","","","","","skrillex","","","","","","","","","","","","","","","","","","","","","","","Már fáj!","Ugorgyunk","Már fáj!","Nyeh","Nyeh","Nyeh","Maradhat","Maradhat","Maradhat","","","","","","",""
"1","Kriszti és Tibi","Olle muchacho","Desperado","Laskechup","Laskechup","","","","","Bombo leio","Gypsy king","Kiss me Baby","Eros Ramazotti","Ding dong","","","","Alle alle alle","Chelo","kakukktojás","Magyar nő nyávog","","","","","ne ne ne ne","Papadopulos Gyros ","Maradhat","Nyeh","Ugorgyunk","Nyeh","Maradhat","Nyeh","Ugorgyunk","Már fáj!","Ugorgyunk","","","","","mambo number 5","Lou Bega","African mulatási","Pákő","","","","","Zambi-nambi-na","Shakira","Cool Cocktail","Karibian girls","Lambada","Lambadinera","Violazene","Carrapicho","Mamba","David Rudder","néj na na naa","Alison Hinds","Vayabu naa-nee","Kaoma","","","","","Vájbolom!","Maradhat","Maradhat","Vájbolom!","Maradhat","Maradhat","Nyeh","Maradhat","Ugorgyunk","","","","","bam bam bilam","alpha blondie","","the wailers","","Peter Tosh","Little Smile","Laid Back","","Bob Marley","","Johnny Osborne","","Eek-a-Mouse","King of the Bongo","Manu Chao","Raszta szív örökké dobog","Geszti Péter","","","","","","","","","Maradhat","Nyeh","Vájbolom!","Nyeh","Vájbolom!","Maradhat","Vájbolom!","Nyeh","Már fáj!","","","","","Nem csak a húséveseké a világ","Szenes Iván","","","Mulatós","Kaczor Feri","Ha én nékem sok pénzem lesz","Bunyós Pityu","salalala","","Jollynak a pam pam","Jolly és Grofó","Muzsikavonat","","Lajbadabra","Bódi Guszti","Bubamara","","","","","","","","Huzasd; iszom","Bohemian Betyars","Már fáj!","Már fáj!","Már fáj!","Már fáj!","Már fáj!","Már fáj!","Már fáj!","Nyeh","Vájbolom!","","","","","cup-cup","","ez ismerős","","","","Bora bora","","Volt egy török Mehemed","","török mulatós","","norvég török cucc","","","","","","","","","","","","késfenős","nasheed Boys","Nyeh","Ugorgyunk","Már fáj!","Már fáj!","Már fáj!","Már fáj!","Már fáj!","Már fáj!","Már fáj!","","","","","Johnny was a sailer","Flute fathers","","","Halandzsa","Handa Banda","Isamerős Hajubaja","enya-banya","El condor paso","Pánsípos pajtik","","","","","-","-","Táncolj","Nox (Kriszti kedvence)","","","","","Dél keresztje","Kaláka (Tibi kedvence)","","Belga (legalábbis nagyon remélem!)","Ugorgyunk","Ugorgyunk","Már fáj!","Ugorgyunk","Nyeh","Már fáj!","Nyeh","Vájbolom!","Nyeh","","","","","somebody tat i used to know","gotye","","","","","Lift me up","moby","right here; right now","","","","","","","","young folks","peter bjorn and john","ne hagyd el magad","","","heaven street seven","","","","","Maradhat","Vájbolom!","Vájbolom!","Maradhat","Vájbolom!","Vájbolom!","Vájbolom!","Vájbolom!","Vájbolom!","","","","","","","","","","","","","","","Gyönyörű buta nő","","","","","","","","","","the look","Roxette","","rhcp","szerelemről szó sem volt","Zanzibár","Maradhat","Nyeh","Maradhat","Maradhat","Maradhat","Maradhat","Vájbolom!","Vájbolom!","Maradhat","","","","","","","","","","moby","","","","waldeck","","parov stelar","","caravan palace","","","","","","","","","","","","","Ugorgyunk","Ugorgyunk","Nyeh","Maradhat","Maradhat","Maradhat","Nyeh","Ugorgyunk","Nyeh","","","","","","","","","","","","","","","","","","","","","","","","","","","","","","","Már fáj!","Már fáj!","Ugorgyunk","Ugorgyunk","Nyeh","Ugorgyunk","Nyeh","Ugorgyunk","Ugorgyunk","","","","","hi-hi-ha-ha","","funny rap","mc humor","Dallas dal","Galla Miklós","ne szívjál füvet","rózsaszín pitbull","Barbie dal","Méhek","gyaloglás vége","belga (a legnagyobb királyság!!)","szájbergyerek","Kistehén tánczenekar","","","","","","","","","listen to the music","","","","Ugorgyunk","Ugorgyunk","Vájbolom!","Nyeh","Vájbolom!","Vájbolom!","Vájbolom!","Vájbolom!","Maradhat","","","","","","","","","","","","","","","","","","","","","","","","","","","","","","","","","","","","","","","","","","","","","cxvcxv",""
"1","Marianna és Pisti","Nem tudom","Rodriguez","Hasere","Las kechup","","","","","Bamboleyo","","Pourqua","","","Pitbull :-)","Ha sola miyo","","Jöjj vissza az édes..","","","Nope","","","","","-","","Nyeh","Maradhat","Nyeh","Ugorgyunk","Nyeh","Maradhat","Már fáj!","Már fáj!","Már fáj!","","","","","Táncon volt","","La cintura","","","","","","Wakka-wakka (watta-fukka:-)","Shakira","M","-","-","","Csi-chi","-","Ez is volt táncon; de ott nem mondták a címét","-","Hey na-na-nah","Néger asszonyság","Ismerős","","","","","","Ugorgyunk","Maradhat","Maradhat","Nyeh","Ugorgyunk","Nyeh","Maradhat","Nyeh","Ugorgyunk","","","","","M=nem hallottam még","","M","","M","","M","","M","","M","","M","","Ismerős nagyon","","M","","","","","","","","","","Ugorgyunk","Ugorgyunk","Ugorgyunk","Ugorgyunk","Ugorgyunk","Ugorgyunk","Ugorgyunk","Ugorgyunk","Már fáj!","","","","","M","","","","Örülök hogy nem ismerem","","Hogyha nékem sok pénzem lesz","","Nem; nem soha nem hallgatnák ilyet","","Húzzad hát öreg cigány","","Igazán betehettél volna ismertet","","M","","Macskajajj zenéje","","","","","","","","Lövésem sincs","","Már fáj!","Már fáj!","Már fáj!","Már fáj!","Már fáj!","Már fáj!","Már fáj!","Nyeh","Már fáj!","","","","","Hallottam már","","Temptation","","Ismerős","","Bora-bora","","M","","A refrén az ismerős","","Mr. Toot","Ylvis","","","","","","","","","M","","M","","Maradhat","Maradhat","Nyeh","Ugorgyunk","Nyeh","Maradhat","Ugorgyunk","Ugorgyunk","Ugorgyunk","","","","","","","","","","","","Enya","","Simon and Gerfunkel","","","","","M","","M","","","","","","M","","M","","Ugorgyunk","Ugorgyunk","Nyeh","Vájbolom!","Vájbolom!","Ugorgyunk","Már fáj!","Már fáj!","Már fáj!","","","","","Somebody that i used to know","Gotye","M","","M","","Ez ismerős","","Clubbed to death","","","","","","M","","Ismerős","","Egyszer hallottam","","","Hiperkarma","","","","","Nyeh","Nyeh","Ugorgyunk","Nyeh","Nyeh","Nyeh","Maradhat","Nyeh","Maradhat","","","","","","","","","","","","","M=nem is halottam","","Ismerős","","M","","M","","M","","M","","M","","Scar tissue","Red hot chili peppers","Szerelemről szó sem volt","Nox","Nyeh","Ugorgyunk","Ugorgyunk","Ugorgyunk","Ugorgyunk","Nyeh","Maradhat","Vájbolom!","Maradhat","","","","","M","","M","","M","","","","M","","M","","","","","","","","","","","","","","","","","","","","","","","","","","","","","The phantom of the opera","Nighwish","","","Bring me to my life","Evanescence","Vodka","","","Azt hittem paddy and the rats","","","Pedig nagyon megvolt","Limp bizkit","Ezt majd küldd el mert szeretem de nem találom soha","","","","M","","M","","","","M","","Maradhat","Maradhat","Vájbolom!","Maradhat","Ugorgyunk","Nyeh","Ugorgyunk","Ugorgyunk","Ugorgyunk","","","","","M=nem hallottam még","","M","","M Dallas","","Ne szívjál füvet","","Barbi","","Gépkocsi","Belga","Van egy kék tó","Kistehén zenekar","","","","","","","","Eminem?","M","","","","Nyeh","Maradhat","Vájbolom!","Nyeh","Nyeh","Maradhat","Maradhat","Nyeh","Ugorgyunk","","","","","M","","M","","","","","","","","M","","M","","","","M","","M","","M","","M","","M","","Már fáj!","Már fáj!","Már fáj!","Már fáj!","Ugorgyunk","Ugorgyunk","Már fáj!","Már fáj!","Már fáj!","","","","","","",""
"2","Makai Péter Kristóf","Maria Maria","Santana and the BnG","Asereja","Las Ketchup","","","","","Bamboleo","Gipsy Kings","pasz","Eros Ramazzotti","passz","passz","98-as VB himnusz","Ricky martin","passz","passz","passz","passz","","","","","Nika se perimeno","Delhusa Gjon","","","","","","","","","","","","","","Mambo No 5","Lou Bega","valami reggaeton","Daddy Yankee?","","","","","Waka waka(?)","Shakira","passz","passz","nemtom de brazil","passz","passz de "Baci Baci" énekelnek","---","La Bamba","Richie Valens","Ney Na Na Na","Vaya Con Dios","no clue","no clue","","","","","","","","","","","","","","","","","","Bam Bam","az eredetije; ha van K-Jah Westen is van","-","-","I Shot the Sheriff","Bob Marley and the Wailers","Sunshine Reggae","de kitőL?","Kingston Town","UB 40","Baby I Love Your Way","passz","passz","passz","Bongo Bong","Manu Chao?","Kell egy ház","Ladánybene 27","","","","","","","","","","","","","","","","","","","","","","Nem csak a húszéveseké a világ","passz","","","nem zene :D","nem zenész :D","Ha én nékem sok pénzem lesz","Galambos Lajos aka Lagzi Lajcsi","passz","MC Hawer és a Teknő; felteszem","nem zene","nem zenész","nemtom","Dupla Kávé","nem tudom","ez lenne a Nótár Mary?","Bubamara","Goran Bregovic Orkester","","","","","","","nemtom","Pannonia All-stars Ska Orchestra(?)","","","","","","","","","","","","","","Sikidim","Tarkan","Temptation?","nem tudom","passz","Punjabi MC","nemtom","nemtom","passz","passz","eeek","eeek","no clue","no clue","","","","","","","","","Üsküdara gider'iken (Katibim?)","különc","passz","passz","","","","","","","","","","","","","","passz","passz",".","Ameno","Era","","jajpedigismerem","hátpersze","El condor pasa","passz","","","","","passz","passz de viking Wardruna?","nem tudom","na ez tuti Nox","","","","","nem tudom ez melyik","de Kaláka","gájátri mantra (vmi indiait énekelnek benne)","Vágtázó Csodaszarvas?","","","","","","","","","","","","","","","Phil Collins? :D","nope","nope","-","-","ének alapján Lift Me Up","Nemtom","nah","no clue","","","","","Twist in My Sobriety","Tanita Tikaram",".",".","Csinálj sok-sok gyermeket","Anima Sound System","Fiam; maga kifogta Dél-Amerikát","HS7","","","","","","","","","","","","","","","","","","","","","","","","","","nope","nope","Hófehér Jaguár","Pély Barna; de miben?","passz","passz","ismerős","de nemtom","passz","passz","no just no","calypso","She"s Got The Look","Roxette","Scar Tissue","RHCP","passz","hát ez kimaradt","","","","","","","","","","","","","","nem","nem","Pabadam (vagy az Hiperkarma?)","Yonderboi","nope","nope","","","nyem","nyet","nah","nah","hejjj","nejj","no clue","no clue","","","","","ehh?","na jó akkor még sem tudom","","","cím nincs meg","Diablo Swing Orchestra","","","","","","","","","","","","","","Phantom of the Opera","Nightwish","","","Bring Me To life","Evanescence","nemtom","Finntroll","-","Subway to Sally?","","","nem tudom melyik","Linkin Park","de sosem hallgattam","Papa Roachos hangzású","","","na ez már nekem sok","pássz","kimaradt","nemtudom","","","","","","","","","","","","","","","","","","Take Me Away?","passz","White and Nerdy <3","Weird Al","Dallas főcímzene paródia","Galla Miklós","jázusom","Ez lesz a Rózsaszín pitbull?","Barbie?","Európa Kiadó?","nem tudom","Be:lga","Szájbergyerek","Kistehén Tánczenekar :D","","","","","","","hö?","vut?","eh","huh","","","","","","","","","","","","","","","","kulturálatlan vagyk","de akkor is vétó","brrrr","nyeh","","","","","","","égessük el","boszorkány","vaporwave","passz","","","ettőlmégnemtom","passz","túl öreg vagyok","passz","passz; de ha az... akkor","David Haselhoff","no clue","passz","passz","Quixotic (mert ő az egyetlen magyar)","","","","","","","","","","","","","","","",""
"2","Laszlo Gyula Zsolt","?","Santana","Ketchup song","Las Ketchup","","","","","Bamboleio","Ghipsy King","?","Eros","Bailamos","Ricky Martin","Living da vida viva ?","Ricky Martin","Jöjj vissza az édes álmokból","?","?","?","","","","","Pélimeno","Delhusa Gjon","Maradhat","Maradhat","Maradhat","Maradhat","Maradhat","Maradhat","Maradhat","Maradhat","Maradhat","","","","","Mambo no 5.","Lou Bega","?","?","","","","","Waka baka (time for Africa)","Shakira","?","Beach Boys","?","?","Bachi bachi tango","modern: tik tak toe","Chi sere","?","Ni na na","?","Alane","Wes","","","","","Maradhat","Nyeh","Nyeh","Nyeh","Nyeh","Nyeh","Nyeh","Ugorgyunk","Ugorgyunk","","","","","Bam bam","?","?","?","?","Bob Marley","Sunshine Reagge","?","?","?","?","?","?","?","king of the bongo","Mano Chao","Kell egy ház","Ladánybene 27","","","","","","","","","Maradhat","Maradhat","Maradhat","Maradhat","Maradhat","Maradhat","Vájbolom!","Maradhat","Maradhat","","","","","Nem csak a 20 éveseké a világ","?","","","?","?","Lent a déli bábos Hortobágyon","?","Az én babám","MC Hawer és a Tekknő","Húzzad hát öreg cigány (szeretem a magyar muzsikát)","?","?","Lagzi Lajcsi","aranyeső cigány verzió","Bódi Guszti és a párja","?","?","","","","","","","? tarantino zene lol","?","Ugorgyunk","Ugorgyunk","Ugorgyunk","Ugorgyunk","Ugorgyunk","Ugorgyunk","Ugorgyunk","Ugorgyunk","Ugorgyunk","","","","","Kiss kiss (Sisirim sisirim)","Tarkan","Temptation","Arash","Mundian te bach ke","Panjabi MC","Igen igen","Arash","?","?","Turuk turul","?","?","?","","","","","","","","","?","?","?","?","Maradhat","Nyeh","Ugorgyunk","Ugorgyunk","Ugorgyunk","Nyeh","Nyeh","Nyeh","Vájbolom!","","","","","?","?","?","?","?","Enigma","Kun Béla","Enya","I d rather be a snake","?","","","","","?","?","Táncolj","Nox","","","","","Oda lenn","Besh o drom","?","?","Maradhat","Maradhat","Maradhat","Maradhat","Maradhat","Maradhat","Maradhat","Maradhat","Maradhat","","","","","Somebody I used to know","Gotye","?","?","?","?","Lift me up","Moby","Right here right now","Fatboy Slim","","","","","More than twist","?","Young folks","Peter Bjorn john","Csinálj gyereket","Anima Sound system","Dél Amerika","HS7","","","","","Maradhat","Maradhat","Maradhat","Maradhat","Maradhat","Maradhat","Maradhat","Maradhat","Maradhat","","","","","","","","","","","","","?","?","Hófehér jaguár","United","?","?","?","?","?","?","Who let the dogs out","Baha Man","?","?","Scar Tissue","RHCP","Szerelemről szó sem volt","Zanzibár","Nyeh","Nyeh","Nyeh","Nyeh","Nyeh","Nyeh","Nyeh","Vájbolom!","Már fáj!","","","","","?","?","?","?","Love (Freedom)","Zagar","","","?","?","?","?","?","?","?","?","","","","","?","?","","","?","?","Vájbolom!","Ugorgyunk","Ugorgyunk","Ugorgyunk","Ugorgyunk","Ugorgyunk","Ugorgyunk","Ugorgyunk","Ugorgyunk","","","","","?","?","","","Bring me to life","Evanescence","?","Korpiklaani","?","Faun","","","Papercut","LP","Last resort","Papa roach","","","?","?","?","?Disturbed","","","?","?","Maradhat","Maradhat","Maradhat","Maradhat","Maradhat","Maradhat","Maradhat","Maradhat","Maradhat","","","","","?","?","?","?","Dallas (???)","Galla Miklós","Ne szívjál füvet","Rózsaszín pitbull","Barbi","Méhek","Gépkocsi","Belga","Szájbergyerek","Kistehén","","","","","","","slim shady mashup","?","?","?","","","Ugorgyunk","Ugorgyunk","Ugorgyunk","Ugorgyunk","Ugorgyunk","Ugorgyunk","Ugorgyunk","Ugorgyunk","Ugorgyunk","","","","","you blocked me on Facebook","knife party","?","skrillex","","","","","","","?","Sophie","?","macintosh plus","","","?","neon indian","?","?","?","Lazerpunk","?","?","B. Lights","Weeknd","Nyeh","Nyeh","Nyeh","Nyeh","Nyeh","Nyeh","Nyeh","Nyeh","Nyeh","","","","","","","cxvvcx"
"3","Ákos","","","Asereje","Las ketchup","","","","","","","","","","","","","","","","","","","","","","","Nyeh","Vájbolom!","Ugorgyunk","Ugorgyunk","Ugorgyunk","Maradhat","Már fáj!","Már fáj!","Már fáj!","","","","","Mambo Number 5","Lou Bega","","","","","","","Waka Waka","Shakira","","","","","","","","Los Lobos","","","","","","","","","Maradhat","Ugorgyunk","Maradhat","Nyeh","Nyeh","Nyeh","Maradhat","Maradhat","Nyeh","","","","","","","","","","","","","","","","","","","","","","","","","","","","","","","Nyeh","Nyeh","Nyeh","Maradhat","Maradhat","Nyeh","Nyeh","Ugorgyunk","Ugorgyunk","","","","","","","","","","","","","","","","","","","","","","","","","","","","","","","Ugorgyunk","Már fáj!","Már fáj!","Már fáj!","Már fáj!","Már fáj!","Már fáj!","Már fáj!","Már fáj!","","","","","","","","","","","Digi Dagi Daganat","Irigy Hónaljmirigy","","","Tunak Tunak Tun","","","","","","","","","","","","","","","","Vájbolom!","Nyeh","Maradhat","Vájbolom!","Nyeh","Vájbolom!","Ugorgyunk","Nyeh","Nyeh","","","","","","","","","Ameno","","","","","","","","","","","","","","","","","","","","","","Nyeh","Nyeh","Vájbolom!","Maradhat","Nyeh","Maradhat","Ugorgyunk","Ugorgyunk","Ugorgyunk","","","","","Somebody I used to know","Gotye","Jerk it out","Caesar's Palace","","","Lift me up","Moby","Right Here Rigth Now","Fatboy Slim","","","","","","","","","","","","","","","","","Vájbolom!","Vájbolom!","Nyeh","Vájbolom!","Vájbolom!","Nyeh","Nyeh","Nyeh","Ugorgyunk","","","","","","","","","","","","","","","","","","","","","","","Who let the dogs out","","","","Scar Tissue","Red Hot Chilli Peppers","Szerelemről szó sem volt","Zanzibár","Nyeh","Nyeh","Nyeh","Maradhat","Ugorgyunk","Maradhat","Maradhat","Vájbolom!","","","","","","","","","","","","","","","","","","","","","","","","","","","","","","","","Vájbolom!","Nyeh","Nyeh","Nyeh","Nyeh","Nyeh","Ugorgyunk","Ugorgyunk","Ugorgyunk","","","","","","","","","Wake me up","Evanescence","","","","Faun","","","","","Last resort","Papa Roach","","","","","","Disturbed","","","","Blue Stahli","Nyeh","Vájbolom!","Nyeh","Maradhat","Nyeh","Vájbolom!","Ugorgyunk","Maradhat","Vájbolom!","","","","","","","","","","","","","","","","","","","","","","","","","Slim Shady + Lone Digger","Eminem + Caravan Place","","","","","Már fáj!","Nyeh","Nyeh","Már fáj!","Ugorgyunk","Már fáj!","Már fáj!","Maradhat","Nyeh","","","","","meme #1","","","Skrillex","","","","","","","","","Macintosh Plus","Macintosh Plus","","","","","","","","","","","nem ismerem ¯\_(ツ)_/¯","","Nyeh","Nyeh","Ugorgyunk","Vájbolom!","Nyeh","Nyeh","Nyeh","Maradhat","Maradhat","","","","Vájbolom!","vcxv","",""
"3","Doszkoty Zsolt","Maria","Enrique Inglesias & Santana","Ketchup song","","","","","","Bambólééééééjó :D","Gypsy Kings","","Eros Ramazotti","","","valamelyik foci vb zenéje :D","Ricky Martin","","Fiesta","","Desperado","","","","","","Delhussa Gjon (Dzson?)","","","","","","","","","","","","","","Mambo no. 5","Lou Bega","","","","","","","This time for africa","Shakira","Cocomo","","Lambada","Olyan mint a Kalumba de nem az :D","bácsi bácsi tangó :D","","La bamba","Los Lobos","Ne na na na","Vaya con dios","","","","","","","","","","","","","","","","","","","","","","","","Could you be loved","Bob Marley and the Wailers","","","Red red wine","UB40","","","","","Bongo bong (king of the bongo)","Manu Chao","Kell egy ház","Ladánybene 27","","","","","","","","","","","","","","","","","","","","","","Nem csak a húszéveseké a világ","","","","","","Hogy ha nékem sok pénzem lesz","Lakodalmas Lajos (Lagzi Lajcsi)","","Mc Hawer és a Teknő","","","","","Aranyeső","Nótár Mary","Bubamara","Goran Bregovic","","","","","","","","","","","","","","","","","","","","","","Kiss kiss (?)","Tarkan","","Shakira ?","","Panjabi MC","","Arash","","","Tunak tunak","","","","","","","","","","","","","","","","","","","","","","","","","","","","","","","","","","Enigma","","","","","","","","","","","","","","","","","","","","KFT","","","","","","","","","","","","","","Somebody i used to know","Gotye","jerk it out","the caesars","","","lift me up","moby","right here right now","fatboy slim","","","","","tiwst in my sobriety","tanita tikaram","young folks","peter bjorn & john","csinálj gyereket (vagy valami ilyesmi)","anima sound system","fiam maga kifogta dél amerikát","heaven street seven","","","","","","","","","","","","","","","","","","","","","","","","","","","","hófehér jaguár","united ","","","Baker street","","","UB40","who let the dogs out","baha men","you got the look","roxette","","red hot chili peppers","szerelemről szó sem volt","zanzibár","","","","","","","","","","","","","","luka's song (?)","susanne vega","","","","yonderboi","","","","","","","","","","","","","","","","","","","","","","","","","","","","","","","","","","","","","","wake me up","evanescence","","","","","","","","","last resort","papa roach","","","","","","Korn","","","","","","","","","","","","","","","","","","","","","","Dallas főcímzene","Galla Miklós","ne szívjál füvet","Rózsaszín pitbull","Barbie"," Méhek","a gyaloglás vége","Belga","szájbergyerek","kistehén ","","","","","","","the real slim shady","eminem átdolgozás","","","","","","","","","","","","","","","","","","","","","","","","","","","","","","","","","","","","","","","","blinding lights","the weekend","közeli helyeken","bikini átdolgozás","","","","","","","","","","","","","","","",""
"3","Müllner Dániel","","","Asereje","Las Ketchup","","","","","","IHM","","","","","Un dos tres","","","Desperado","","Desperado","","","","","Nem tetszik semmi meló","IHM","","Vájbolom!","","","","Maradhat","Maradhat","Maradhat","Vájbolom!","","","","","","","","","","","","","Wakawaka","Shakira","","","","","","","","","hej na na na","","","","","","","","","","Maradhat","","","","","Vájbolom!","Vájbolom!","","","","","","","","","","","","","","","","","","","Bongo Bong","Manu Chao","Kell egy ház","Ladánybene27","","","","","","","","","","","","","","","","Vájbolom!","Vájbolom!","","","","","Nem csak a 20 éveseké a világ","","","","","","","","","","","","","","","","Tiszta vizet igyanak az állatok","IHM","","","","","","","","","Vájbolom!","Maradhat","Maradhat","Maradhat","Maradhat","Maradhat","Maradhat","Vájbolom!","Maradhat","","","","","","","","","","","","","","","","","","","","","","","","","","","","","","","","","","","","","","","","","","","","","","","","","","Ariadiamus","Adiemus","","","","","","","","","Tűztánc","Nox ","","","","","","","","","","","","Vájbolom!","","","Vájbolom!","","","","","","","Somebody","","","","I could never be the woman","","Let me out","","","Of Montreal","","","","","","","","","Csinálj gyereket!","","","","","","","","","","","","","","","Vájbolom!","","","","","","","","","","","","","","","","","","","","","","","","","","She's got a look","Roxette","","Red Hot Chilli Peppers","Szerelemről szó sem volt","Zanzibar","","","","","","","Vájbolom!","Maradhat","Vájbolom!","","","","","","","","","","","","","","","","","","Middle Milk","","","","","","","","Diablo Swing Orchestra","","","","Diablo Swing Orchestra","","","","","","","","","","","","","","Operaház fantomja","","","","Bring me to life","Evenescance ","","","","Faun","","","","","Losing my side","","","","","","","","","","","","","","","","","","","","","","","","","Take me away","","","","","Galla Miklós","","Galla Miklós","Barbie-dal","Méhek","","","Szájbergyerek","Kistehén","","","","","","","","","","","","","","","","","Vájbolom!","","Vájbolom!","","","","","","","","","","Skrillex","","","","","","","","","","","","","","","","","","","Blinding lights","The Weeknd","","","","","","","","","","Vájbolom!","","","","","","","",""
"3","Enzo","","Santana","The Ketchup Song (Asereje)","Las Ketchup","","","","","Bamboleo","Gypsy Kings","","Eros Ramazotti?","All I need is a rhythm divine (nemtom mi a címe :D)","Ricky Martin","Ole Ole Ole (ami vb-zene is volt)","Ricky Martin","Hola mi amor","Fiesta","Táncolj!","Desperado","","","","","Nika Seperimeno","Delhusa Gjon","Maradhat","Vájbolom!","Maradhat","Maradhat","Maradhat","Vájbolom!","Maradhat","Maradhat","Maradhat","","","","","Mambo No. 5","Lou Bega","?","?","","","","","Waka Waka","Shakira","Aruba, Jamaica, oooh I wanna take you to Bermuda, Bahama...","végig tudom a refrénjét basszus, és nemtom a címét","Lambada","Kaoma","valami Tango :D","","soy capitán, nem tudom :D","","Ne Na Na Na?","Vaya Con Dios","","","","","","","Vájbolom!","Maradhat","Vájbolom!","Maradhat","Vájbolom!","Maradhat","Maradhat","Maradhat","Maradhat","","","","","?","?","Pass the Dutchie?","?","?","Bob Marley?","Sunshine Reggae","","Kingston Town?","","Ooo baby I love you way, nemtom","","?","?","King of the Bongo","Manu Chao","Kell egy ház","Ladánybene 27","","","","","","","","","Nyeh","Maradhat","Maradhat","Vájbolom!","Maradhat","Maradhat","Maradhat","Vájbolom!","Vájbolom!","","","","","Nem csak a húszéveseké a világ","nemtom, Korda Gyuri? :D","","","?","?","Hogyha nékem sok pénzem lesz","?","?","?","?","?","?","?","?","?","Bubamara (Macskajaj)","Goran Bregovic?","","","","","","","Megjöttek a fiúk","Bohemian Betyars","Nyeh","Már fáj!","Ugorgyunk","Már fáj!","Ugorgyunk","Ugorgyunk","Már fáj!","Maradhat","Vájbolom!","","","","","Kiss Kiss","Tarkan","Temptation","Arash feat Rebecca","Mundian To Bach Ke","Panjabi MC","Boro Boro","Arash","Henna","Cameron Cartio","Tunak Tunak Tun","Daler Mehndi","?","?","","","","","","","","","?","?","?","?","Maradhat","Vájbolom!","Vájbolom!","Vájbolom!","Vájbolom!","Vájbolom!","Maradhat","Maradhat","Nyeh","","","","","nemtom, de a Johnny I Hardly Knew Ya dallama","?","?","?","?","?","?","?","?","?","","","","","?","Wardruna?","Tűztánc","Nox","","","","","?","?","?","?","Maradhat","Nyeh","Nyeh","Maradhat","Maradhat","Nyeh","Vájbolom!","Maradhat","Nyeh","","","","","Somebody I Used To Know","Gotye feat. Kimbra","Jerk It Out","Caesars Palace","ááá pedig ezt ismerem","?","Lift Me Up","Moby","?","?","","","","","Twist In My Sobriety","Tanita Tikaram","Young Folks","Peter, Bjorn and John","Csinálj gyereket!","Anima Sound System","Dél-Amerika","Heaven Street Seven","","","","","Vájbolom!","Vájbolom!","Maradhat","Vájbolom!","Nyeh","Vájbolom!","Vájbolom!","Vájbolom!","Vájbolom!","","","","","","","","","","","","","?","?","Hófehér Jaguár","United","?","?","?","? (pedig ismerem ezt is)","Don't Turn Around?","?","Who Let The Dogs Out","Baha Men","The Look","Roxette","Scar Tissue","Red Hot Chili Peppers","Szerelemről szó sem volt","Zanzibár","Maradhat","Maradhat","Maradhat","Maradhat","Maradhat","Vájbolom!","Vájbolom!","Maradhat","Vájbolom!","","","","","Tom's Diner","Susanne Vega","?","?","Wings of Love","Žagar","","","?","?","?","?","?","?","?","?","","","","","nemtom, de tetszik","?","","","?","? (remélem nem Igorrr)","Maradhat","Nyeh","Maradhat","Maradhat","Maradhat","Maradhat","Maradhat","Maradhat","Maradhat","","","","","?","Nightwish?","","","Bring Me To Life","Evanescence feat Paul McCoy","Vodka","Korpiklaani","nemtom, de németül elég borzasztó","?","","","Papercut","Linkin Park","Last Resort","Papa Roach","","","?","Blue Stahli?","?","Disturbed","","","?","?","Maradhat","Vájbolom!","Vájbolom!","Nyeh","Vájbolom!","Vájbolom!","Maradhat","Maradhat","Maradhat","","","","","?","?","?","?","Dallas főcímdal?","Galla Miklós","Ne szívjál füvet","Rózsaszín Pitbull?","Barbi dal","Méhek","?","Bëlga","Van egy kék tó a fák alatt","Kistehén Tánczenekar","","","","","","","The Lone Slim Shady (Eminem - The Real Slim Shady × Caravan Palace - Lone Digger mashup)","William Maranci (YouTube)","Play That Funky Music White Boy × Du Hast","nemtom × Rammstein mashup","","","Nyeh","Nyeh","Maradhat","Ugorgyunk","Maradhat","Nyeh","Vájbolom!","Vájbolom!","Maradhat","","","","","Internet Friends","Knife Party","?","Skrillex?","","","","","","","?","SOPHIE?","?","?","","","?","?","?","?","?","David Hasselhoff?","Blinding Lights","The Weeknd","Közeli helyeken remix","?","Maradhat","Nyeh","Nyeh","Nyeh","Ugorgyunk","Ugorgyunk","Nyeh","Maradhat","Nyeh","","","","","","",""
"3","B. Dani","","","Assere","Las Ketchup","","","","","Bango Leda","","","","","","Un, dos, tres","","Oh le mi amore","Fiesta","","","","","","","Delhussa Gjion","Mi case peri meno","","","","","","","","","","","","","","Mambo No. 5","Lou Bega","","","","","","","Waka waka","Shakira","","","","","","","La bamba","","","","","","","","","","","","","","","","","","","","","","","","","","","","","Sunshine Reggae","","","","","","","","","","Kell egy ház","Manu Chao","","","","","","","","","","","","","","","","","","","","","","Nem csak a 20 éveseké (a világ)","","","","","Postás Józsi","Mesterhármas","Fásy Ádám","","MC Hawer","","","","Bódi Guszti","","Nótár Mary","","","","","","","","","","","","","","","","","","","","","","","","","","Nagila hava","","","","","","","","","","","","","","","","","","","","","","","","","","","","","","","","","","","","","","","","","","","","","","","","","","","","","","Nox","","","","","","","","Laár András","","","","","","","","","","","","","","Sombody that I used to know","","","","","","Lift me up","Moby","Right here, right now","","","","","","Modern twist","","","","","","Maga kifogta Dél-Amerikát","Esti Kornél","","","","","","","","","","","","","","","","","","","","","","","","","","","","Hófehér Jaguár","","","","","","","","","","She's got the looks","","","","Minden csak sírna","","","","","","","","","","","","","","","Tom's dinner","Susanne Vega","","","","","","","","","Dooper than Doop","Doop","","","","","","","","","","","","","","","","","","","","","","","","","","","","Phantom of the Opera","Nightwish","","","Wake me up","Evanescence","","","","","","","","","","","","","","","","","","","","","","","","","","","","","","","","","","","","White and Nerdy","Weird Al Yankovic","Dallas főcím","Galla Miklós","Ne szívjál füvet","","Barbi","Méhek","Gépkocsi","Belga","Szájbergyerek","Kistehén","","","","","","","","","","","","","","","","","","","","","","","","","","","Skrillex","","","","","","","","","","","","","","","","","","","","","Blinding lights","The Weeknd","Közeli helyeken","Bikini","","","","","","","","","","","","","","","",""
"3","Kitty B","Maria Maria","Carlos Santana","Ketchup song","Las Ketchup","","","","","","","","","","","cup of life","Ricky Martin","hola mi amore","Fiesta","","","","","","","Nika se Peri meno","Delhusa Gjon","","","","","","","","","","","","","","Mambo","Lou Bega","","","","","","","Waka-waka","Shakira","","","","","","","La Bamba","Los Lobos","Ney na na na","Vaya con dios","","","","","","","","","","","","","","","","","","","","","","how does it feel","","","","Give me just a little smile","Bob Marley","Kingston Town","UB40","","","","","mongo bong","Manu Cao","kell egy ház","Ladánybene","","","","","","","","","","","","","","","","","","","","","","nm csak a 20 éveseké a világ","Aradszki László","","","","","Majd ha nékem sok pénzem lesz","Lagzi Lajcsi","","","Bocsássa meg nekem a világ","Vámosi János","csak egy játék","Márió","","Bangó Margit","bubamara","","","","","","","","","","","","","","","","","","","","","","","","","","","","","","","","","","","","","","","","","","","","","","","","","","","","","","","","","","","","","","","Heilung","","corvus corax","ameno","ERA","","Vangelis","El condor Pasa","Leo Rojas","","","","","","","tűztánc","NOX","","","","","","","","","","","","","","","","","","","","","","Somebody I used to know","Gotye","no class","motorhead","","","","","","","","","","","","","","","Csinálj gyermeket","Anima Sound System","dél Amerika","heaven street seven","","","","","","","","","","","","","","","","","","","","","","","","","","","","hófehér Jaguár","United","","","","","","","","","the look","Roxette","Lonely as you","Foo fighters","szerelemről szó sem volt","Zanzibar","","","","","","","","","","","","","","","","","","","","","","","","","","","","","","","","","","","","","","","","","","","","","","","","","","","","","","Nightwish","","","Bring me to life","Evanescence","","Epica","Tanz mit mir","Faun","","","","","losing my mind","faling in reverse","","","","","","","","","","","","","","Vájbolom!","","","","","","","","","","","","","gangsta rap","","Galla Miklós","","Galla Miklós","Barbi","Méhek","","Belga","Szájber gyerek","Kistehén","","","","","","","","","Play that fuky music","Wild cherry","","","","","","","","","","","","","","","","","Lazerpunk","","quixotic","","","","","","","","sophie","","neon indian","","","","David Hasselhof","","Yung Bae","","Wolfgang Gartner","","wolf and raven","Közeli helyeken","Bikini","","","","","","","","","","","","","","","",""
